{"cameraMode":{"drawMode":0,"name":"Shaded","section":"Shading Mode"},"sceneLighting":true,"audioPlay":false,"sceneViewState":{"showFog":true,"showMaterialUpdate":false,"showSkybox":true,"showFlares":true,"showImageEffects":true,"showParticleSystems":true},"in2DMode":false,"pivot":{"x":119.63851165771485,"y":13.393842697143555,"z":-109.5154800415039},"rotation":{"x":-0.23557086288928986,"y":0.13851143419742585,"z":-0.033941593021154407,"w":-0.9613378047943115},"size":15.24321460723877,"orthographic":false}